"file_name","name","company","date_of_birth","job","social_security_number"
"image_0.bmp","Amanda Huff","Apple","1988-08-10","Human Resources","98-80-9232"
"image_1.bmp","Tammy Montgomery","Google","2009-10-18","Team Lead","045-04-3726"
"image_10.bmp","Benjamin Gonzales","Google","1999-10-08","Scrum Master","397-26-6887"
"image_100.bmp","Ronald Johnson","Google","1926-04-13","Software","538-18-5577"
"image_101.bmp","Emily Scott","Apple","1973-06-28","Software Engineer","561-588-8710"
"image_102.bmp","test","test","2021-12-27","test","test"
"image_103.bmp","test","test","2021-12-27","test","test"
"image_104.bmp","Sarah Collins","Google","1939-02-02","Team Lead","465-16-8787"
"image_105.bmp","test","test","2021-12-27","test","test"
"image_106.bmp","test","test","2021-12-27","test","test"
"image_107.bmp","test","test","2021-12-27","test","test"
"image_108.bmp","Kristina Huff","Google","1950-07-19","Human Resources","016-81-4885"
"image_109.bmp","Stacey Mcmillan","Apple","1944-05-12","Hurmen Sesotes","670-12-1224"
"image_11.bmp","Mr Andrew May","Google","2020-12-23","Human Resources","34-78-4718"
"image_110.bmp","William Jensen","Google","1991-04-18","Team Lead","64-89-0759"
"image_111.bmp","Andrew Sullivan","Google","1963-05-29","Team Lead","736-29-8299"
"image_112.bmp","Robert Rivera","Apple","2007-09-19","Software Engineer","886-611-6384"
"image_113.bmp","test","test","2021-12-27","test","test"
"image_114.bmp","test","test","2021-12-27","test","test"
"image_115.bmp","test","test","2021-12-27","test","test"
"image_116.bmp","Barbara Olson","Apple","1969-11-17","Manager","428-42-8611"
"image_117.bmp","Allison Haynes","Apple","1999-12-08","Human Resourses","354-88-0870"
"image_118.bmp","Adam Thornton","Apple","1960-07-31","Scrum Master","095-41-9366"
"image_119.bmp","test","test","2021-12-27","test","test"
"image_12.bmp","Eric Mcclain","Google","1978-01-17","Scrum Master","803-96-1860"
"image_120.bmp","Audrey Gutierrez","Google","2003-04-26","Software","123-93-4188"
"image_121.bmp","test","test","2021-12-27","test","test"
"image_122.bmp","test","test","2021-12-27","test","test"
"image_123.bmp","test","test","2021-12-27","test","test"
"image_124.bmp","Ms Regina Fowier","Apple","1922-03-13","Sottware Engineer","090-20-9816"
"image_125.bmp","Natasha Williams","Google","2008-04-23","Human Resources","789-92-1932"
"image_126.bmp","Lisa Dougas","Apple","1965-01-31"," Manager","106-30-6798"
"image_127.bmp","Michaet Odom","Apple","2020-12-23","Manager","35-01-7832"
"image_128.bmp","Jason Mcdaniel","Google","1998-08-20","Team Lead","300-31-2925"
"image_129.bmp","test","test","2021-12-27","test","test"
"image_13.bmp","test","test","2021-12-27","test","test"
"image_130.bmp","Anjamin Sanchez Ti","Apple","1926-08-30","Human Resources","780-23-5957"
"image_131.bmp","Sheri Mitchell","Google","2020-12-23","Scrum Master","061-56-7723"
"image_132.bmp","test","test","2021-12-27","test","test"
"image_133.bmp","Brett Harrison","Apple","2020-12-23","Seftware Engineer","419-56-9224"
"image_134.bmp","Melissa Williams","Google","2000-07-29","Team Lead","097-72-0219"
"image_135.bmp","test","test","2021-12-27","test","test"
"image_136.bmp","Marie Casey","Google","1938-12-06","Software","651-45-2569"
"image_137.bmp","test","test","2021-12-27","test","test"
"image_138.bmp","Richard Barron","Google","1939-05-05","Team Lead","226-29-7243"
"image_139.bmp","test","test","2021-12-27","test","test"
"image_14.bmp","Shawn Espinoza","Apple","1934-11-22","Team Lead","746-11-3185"
"image_140.bmp","Sean Lopez","Apple","1927-12-05","Manager","654-13-8985"
"image_141.bmp","test","test","2021-12-27","test","test"
"image_142.bmp","Matthew Miller","Google","1938-05-12","Team Lead","043-26-8336"
"image_143.bmp","Lauren Wriaht","Apple","2020-12-23","Human Resources ","O78-52-1834"
"image_144.bmp","test","test","2021-12-27","test","test"
"image_145.bmp","test","test","2021-12-27","test","test"
"image_146.bmp","Leah Vargas","Google","1937-11-20","Scrum Master","517-98-1814"
"image_147.bmp","test","test","2021-12-27","test","test"
"image_148.bmp","Patrick Gray","Google","1924-03-08","Team Lead","042-27-5737"
"image_149.bmp","Jamie Campbell","Google","2020-12-23","Manager","547-45-2345"
"image_15.bmp","David Bartlett","Apple","1987-11-24","Strum Master","635-26-1722"
"image_16.bmp","Dominique Burns","Google","1954-08-02","Human Resources","370-44-9420"
"image_17.bmp","test","test","2021-12-27","test","test"
"image_18.bmp","Robert Chavez","Google","1934-09-14","Human Resources","316-88-7570"
"image_19.bmp","Rebecca Jennings","Google","1996-10-06","Manager","465-74-870"
"image_2.bmp","test","test","2021-12-27","test","test"
"image_20.bmp","test","test","2021-12-27","test","test"
"image_21.bmp","John Palmer","Apple","1952-03-18","Human Resources","894-52-0281"
"image_22.bmp","test","test","2021-12-27","test","test"
"image_23.bmp","Connle Moss","Apple","1930-06-23","Human Resources","76-22-0435"
"image_24.bmp","Kyle Pham","Apple","1964-06-22","Human Resources","659-42-7006"
"image_25.bmp","Christine Miller","Google","1940-07-13","Human Resources","711-22-2846"
"image_26.bmp","Rachel Diaz","Apple","1992-10-02"," Team Lead","241-80-0729"
"image_27.bmp","test","test","2021-12-27","test","test"
"image_28.bmp","test","test","2021-12-27","test","test"
"image_29.bmp","Reginald Holloway","Google","1989-01-08","Manager","389-75-3874"
"image_3.bmp","David Moore","Apple","1984-12-18","Scrum Master","025-48-6616"
"image_30.bmp","Michael Singh","Apple","1972-01-29","Human Resources","302-47-1498"
"image_31.bmp","test","test","2021-12-27","test","test"
"image_32.bmp","test","test","2021-12-27","test","test"
"image_33.bmp","Alex Griffin","Google","1960-06-09","Team Lead","481-64-1636"
"image_34.bmp","Scott Banks","Apple","1968-03-03","Manager","295-39-2839"
"image_35.bmp","Robert Newton","Google","1924-01-06","Manager","4-78-6339"
"image_36.bmp","Robert Tanner","Apple","1951-04-29","Manager","231-889-8378"
"image_37.bmp","Kevin Floyd","Apple","2008-01-16","Cluman Resources","470-60-4670"
"image_38.bmp","Edward Henderson","Google","2020-12-23","Software","569-41-2551"
"image_39.bmp","James Combs DDS","Google","2000-06-22","Software","T49-94-1184"
"image_4.bmp","test","test","2021-12-27","test","test"
"image_40.bmp","test","test","2021-12-27","test","test"
"image_41.bmp","Kimberly Sanchez","Apple","1929-01-31","Scrum Master","733-92-8480"
"image_42.bmp","Tammy Moore","Apple","1988-01-08","Scrum Master","618-27-2590"
"image_43.bmp","Courtney Johnson","Google","2000-11-16","Manager","637-84-6026"
"image_44.bmp","test","test","2021-12-27","test","test"
"image_45.bmp","test","test","2021-12-27","test","test"
"image_46.bmp","Michael Burton","Google","1923-12-06","Team Lead","323-12-2612"
"image_47.bmp","test","test","2021-12-27","test","test"
"image_48.bmp","Kathleen Everett","Apple","2007-11-27","Software Engineer","768-54-2540"
"image_49.bmp","Jennifer Foster","Apple","1996-06-05","Software Engineer","815-86-1491"
"image_5.bmp","Kristin Moore","Google","2006-03-20","Manager","365-05-2305"
"image_50.bmp","Michele Hester","Google","1963-05-13","Manager","502-44-8888"
"image_51.bmp","test","test","2021-12-27","test","test"
"image_52.bmp","test","test","2021-12-27","test","test"
"image_53.bmp","test","test","2021-12-27","test","test"
"image_54.bmp","Patrick Lopez","Google","2020-12-23","Scrum Master","310-29-7448"
"image_55.bmp","Wendy Clark","Google","1920-12-02","Manager","386-19-4633"
"image_56.bmp","test","test","2021-12-27","test","test"
"image_57.bmp","test","test","2021-12-27","test","test"
"image_58.bmp","test","test","2021-12-27","test","test"
"image_59.bmp","Tyler David","Google","1978-11-19","Manager","568-914-6528"
"image_6.bmp","Cody Smith","Google","1936-02-17","Scrum Master","283-15-5053"
"image_60.bmp","Brianna Hammond","Apple","1951-11-27","Human Resources","893-91-7610"
"image_61.bmp","Brian King","Google","1967-08-30"," E","384-97-2242"
"image_62.bmp","Monica Hamilton","Google","1958-05-15","Software","715-89-5789"
"image_63.bmp","test","test","2021-12-27","test","test"
"image_64.bmp","Jay Reed Phd","Apple","1956-06-11","Human Resources","710-14-1199"
"image_65.bmp","Michael Miller","Apple","1984-08-03","Software Engineer","899-997-2857"
"image_66.bmp","test","test","2021-12-27","test","test"
"image_67.bmp","test","test","2021-12-27","test","test"
"image_68.bmp","Toni George","Google","1928-09-24","Scrum Master","276-98-9611"
"image_69.bmp","test","test","2021-12-27","test","test"
"image_7.bmp","Timothy Thomas","Apple","1928-12-21","Sofware Engineer","20-92-8645"
"image_70.bmp","Bruce Porter","Google","1975-12-24","Human Resources","337-39-8026"
"image_71.bmp","test","test","2021-12-27","test","test"
"image_72.bmp","Andrew Hines","Apple","1961-12-14","Scrum Master","711-81-5430"
"image_73.bmp","Tammy Washington","Google","1921-02-22","Scrum Master","748-88-2761"
"image_74.bmp","Jeffrey Brown","Google","2020-12-23","Team Lead","522-47-8445"
"image_75.bmp","test","test","2021-12-27","test","test"
"image_76.bmp","Daniel Morrow","Apple","1988-03-21","Scrum Master","532-07-4768"
"image_77.bmp","Catherine Gilmore","Apple","1947-07-13","Team Lead","286-93-7670"
"image_78.bmp","Emily Foster","Google","1952-04-15","Software","216-91-1411"
"image_79.bmp","Jackie Williams","Google","1929-03-28","Manager","588-10-5058"
"image_8.bmp","test","test","2021-12-27","test","test"
"image_80.bmp","Amanda Robertson","Google","1926-06-03","Human Resources","435-16-9169"
"image_81.bmp","Tiffany Harmon","Apple","1999-12-23","Human Resources","063-31-4529"
"image_82.bmp","Luke Sullivan","Apple","1955-04-21","Scrum Master","085-68-1270"
"image_83.bmp","test","test","2021-12-27","test","test"
"image_84.bmp","Mrs Pameta Smith","Apple","1923-06-21","Hurnan Resources","616-17-7086"
"image_85.bmp","test","test","2021-12-27","test","test"
"image_86.bmp","test","test","2021-12-27","test","test"
"image_87.bmp","Tina Perry","Apple","2020-12-23","Team Tead","366-75-62484"
"image_88.bmp","test","test","2021-12-27","test","test"
"image_89.bmp","test","test","2021-12-27","test","test"
"image_9.bmp","Mary Garner","Google","2006-12-04","Team Lead","613-93-2393"
"image_90.bmp","Maureen Davis","Apple","1942-06-18","Software Engineer","070-75-6405"
"image_91.bmp","test","test","2021-12-27","test","test"
"image_92.bmp","Indsay Williamson","Apple","1964-06-25","Scrum Master","676-399-2009"
"image_93.bmp","Mr James Jones","Google","1996-12-06","Human Resources","066-33-8590"
"image_94.bmp","Mark Bryant","Apple","1994-02-08","Human Resources","605-46-2138"
"image_95.bmp","Joshua Martin","Google","2020-12-23","Scrum Master","976-47-0595"
"image_96.bmp","Rs Gabrielle Davis","Apple","1981-03-25","Human Resources","219-02-6446"
"image_97.bmp","test","test","2021-12-27","test","test"
"image_98.bmp","test","test","2021-12-27","test","test"
"image_99.bmp","test","test","2021-12-27","test","test"
